ppvt,educ_cat,momage,age_months,age_years,age_education_interaction
0.7735849056603774,0.3333333333333333,0.3333333333333335,0.39171070349640397,0.39171070349640397,0.1305702344988013
0.48113207547169806,0.0,0.0,0.5139844373430819,0.5139844373430817,0.0
0.3773584905660377,0.3333333333333333,0.16666666666666674,0.049160678602276645,0.04916067860227664,0.016386892867425548
0.037735849056603765,0.0,0.25,0.009959216268174297,0.009959216268174295,0.0
0.7264150943396226,1.0,0.75,0.21337460210298964,0.2133746021029896,0.21337460210298964
0.5566037735849056,0.0,0.25,0.673491671145132,0.6734916711451319,0.0
0.5283018867924527,0.0,0.25,0.2127050316049225,0.21270503160492246,0.0
0.2830188679245283,0.3333333333333333,0.5833333333333335,0.379366775899745,0.379366775899745,0.12645559196658165
0.6132075471698113,0.6666666666666667,0.16666666666666674,0.4176464689916951,0.4176464689916951,0.27843097932779676
0.5283018867924527,0.6666666666666667,0.5833333333333335,0.41503578445460937,0.4150357844546093,0.2766905229697396
0.7452830188679245,0.3333333333333333,0.5833333333333335,0.42664646861395294,0.4266464686139529,0.1422154895379843
0.24528301886792453,1.0,1.0,0.725096660065938,0.7250966600659379,0.725096660065938
0.32075471698113206,0.3333333333333333,0.16666666666666674,0.7669593093776282,0.7669593093776282,0.2556531031258761
0.6226415094339623,0.3333333333333333,0.5,0.21839065006960298,0.21839065006960295,0.07279688335653432
0.3773584905660377,0.6666666666666667,0.75,0.7938156580159389,0.7938156580159389,0.5292104386772927
0.22641509433962265,0.0,0.41666666666666674,0.4127775719737435,0.4127775719737435,0.0
0.330188679245283,0.0,0.3333333333333335,0.1926251326365453,0.1926251326365453,0.0
0.38679245283018865,0.6666666666666667,0.3333333333333335,0.6349515989200991,0.634951598920099,0.4233010659467328
0.5943396226415094,0.6666666666666667,0.41666666666666674,0.2653544373045978,0.2653544373045978,0.1769029582030652
0.4716981132075471,0.3333333333333333,0.6666666666666665,0.20981616591799068,0.20981616591799068,0.06993872197266356
0.6037735849056605,0.3333333333333333,0.5833333333333335,0.9397165768892134,0.9397165768892135,0.31323885896307113
0.6509433962264151,0.3333333333333333,0.75,0.5765034342607888,0.5765034342607888,0.1921678114202629
0.169811320754717,0.0,0.3333333333333335,0.38716839303669237,0.38716839303669237,0.0
0.6037735849056605,0.3333333333333333,0.41666666666666674,0.5517139177507925,0.5517139177507925,0.18390463925026415
0.4716981132075471,0.3333333333333333,0.75,0.5584726820918023,0.5584726820918023,0.18615756069726744
0.5094339622641508,0.3333333333333333,0.5,0.836330767924627,0.8363307679246269,0.2787769226415423
0.4433962264150943,0.0,0.25,0.6038022601405897,0.6038022601405897,0.0
0.6037735849056605,0.3333333333333333,1.0,0.9439000113952418,0.9439000113952418,0.31463333713174724
0.490566037735849,0.3333333333333333,0.75,0.6588598842326854,0.6588598842326854,0.21961996141089513
0.5566037735849056,0.6666666666666667,0.9166666666666665,0.6808257578995637,0.6808257578995638,0.45388383859970916
0.5094339622641508,0.3333333333333333,0.16666666666666674,0.47078064992486074,0.4707806499248607,0.1569268833082869
0.5660377358490567,0.6666666666666667,0.5,0.1716699202765247,0.1716699202765247,0.11444661351768315
0.4433962264150943,0.3333333333333333,0.3333333333333335,0.7889840268445552,0.7889840268445552,0.2629946756148517
0.5094339622641508,0.3333333333333333,0.9166666666666665,0.11743982637768197,0.11743982637768197,0.039146608792560655
0.5849056603773586,0.3333333333333333,0.75,0.33885191705058687,0.3388519170505869,0.11295063901686228
0.45283018867924524,0.3333333333333333,0.16666666666666674,0.6252503050682876,0.6252503050682876,0.20841676835609585
0.169811320754717,0.6666666666666667,0.25,0.6837251618562141,0.683725161856214,0.4558167745708095
0.6037735849056605,0.6666666666666667,0.5833333333333335,0.8088872957089448,0.8088872957089448,0.5392581971392966
0.6415094339622642,0.6666666666666667,0.5,0.7276488102222886,0.7276488102222886,0.4850992068148591
0.3773584905660377,0.0,0.5,0.416812250012543,0.416812250012543,0.0
0.18867924528301888,0.3333333333333333,0.5833333333333335,0.8333160680770052,0.8333160680770052,0.27777202269233503
0.43396226415094336,0.3333333333333333,0.8333333333333335,0.6178004333366116,0.6178004333366115,0.20593347777887053
0.2169811320754717,0.6666666666666667,0.9166666666666665,0.2835938962091673,0.2835938962091673,0.18906259747277823
0.6037735849056605,0.6666666666666667,0.5,0.7263702583587643,0.7263702583587642,0.48424683890584297
0.169811320754717,1.0,0.5833333333333335,0.42214244444081256,0.42214244444081256,0.42214244444081256
0.5943396226415094,0.6666666666666667,0.8333333333333335,0.9952421408154425,0.9952421408154425,0.6634947605436284
0.07547169811320753,0.6666666666666667,0.25,0.028960472205268498,0.0289604722052685,0.019306981470179
0.037735849056603765,0.3333333333333333,0.3333333333333335,0.6945977724337739,0.6945977724337737,0.23153259081125793
0.6603773584905661,0.3333333333333333,0.41666666666666674,0.6272198008557159,0.6272198008557159,0.2090732669519053
0.24528301886792453,0.6666666666666667,0.5,0.7941407394262782,0.794140739426278,0.5294271596175188
0.5566037735849056,0.3333333333333333,0.5833333333333335,0.824297472477839,0.824297472477839,0.27476582415927964
0.45283018867924524,0.3333333333333333,0.5833333333333335,0.49727052649261805,0.497270526492618,0.165756842164206
0.4150943396226415,0.3333333333333333,0.16666666666666674,0.013504644672779025,0.013504644672779025,0.004501548224259674
0.5849056603773586,0.0,0.5,0.6491870965107001,0.6491870965107,0.0
0.49999999999999994,0.3333333333333333,0.41666666666666674,0.6216555517578238,0.6216555517578238,0.20721851725260793
0.6037735849056605,0.3333333333333333,0.5,0.5044045970405059,0.5044045970405059,0.1681348656801686
0.49999999999999994,0.6666666666666667,0.5,0.16101699156776716,0.16101699156776716,0.10734466104517812
0.5943396226415094,0.0,0.0,0.5650925350645385,0.5650925350645385,0.0
0.018867924528301883,0.0,0.25,0.5236887110003086,0.5236887110003086,0.0
0.4245283018867924,0.3333333333333333,0.5833333333333335,0.10657212586621874,0.10657212586621873,0.035524041955406246
0.330188679245283,0.6666666666666667,0.41666666666666674,0.17210018529831997,0.17210018529831997,0.11473345686554666
0.3962264150943396,0.3333333333333333,0.5,0.24222590652170925,0.24222590652170922,0.08074196884056975
0.5660377358490567,0.3333333333333333,0.3333333333333335,0.3701641397933864,0.3701641397933864,0.12338804659779547
0.13207547169811323,0.3333333333333333,0.75,0.07790272743165381,0.07790272743165381,0.02596757581055127
0.5094339622641508,0.6666666666666667,0.75,0.9077164345966581,0.9077164345966581,0.6051442897311055
0.6509433962264151,0.3333333333333333,1.0,0.6343271680140161,0.6343271680140161,0.21144238933800535
0.5283018867924527,0.3333333333333333,0.41666666666666674,0.5688192034314079,0.5688192034314079,0.18960640114380262
0.38679245283018865,0.6666666666666667,0.75,0.8053203117385906,0.8053203117385906,0.5368802078257272
0.3490566037735849,0.0,0.16666666666666674,0.7108810668477411,0.710881066847741,0.0
0.36792452830188677,1.0,0.5,0.4143877336454033,0.41438773364540327,0.4143877336454033
0.6226415094339623,0.3333333333333333,0.75,0.7973283675989725,0.7973283675989724,0.2657761225329908
0.6226415094339623,0.6666666666666667,0.75,0.22305941610366561,0.2230594161036656,0.14870627740244377
0.6698113207547169,0.3333333333333333,0.5833333333333335,0.8540324065228896,0.8540324065228896,0.2846774688409632
0.29245283018867924,0.3333333333333333,0.6666666666666665,0.12847791396083552,0.12847791396083552,0.0428259713202785
0.6132075471698113,1.0,0.9166666666666665,0.5602914366174956,0.5602914366174956,0.5602914366174956
0.6698113207547169,1.0,0.8333333333333335,0.8592945851283978,0.8592945851283978,0.8592945851283978
0.047169811320754707,0.0,0.08333333333333348,0.387306834782423,0.387306834782423,0.0
0.2169811320754717,0.6666666666666667,0.3333333333333335,0.6635060484227459,0.6635060484227459,0.44233736561516396
0.48113207547169806,0.3333333333333333,0.41666666666666674,0.33499040904509964,0.33499040904509964,0.11166346968169988
0.3490566037735849,0.0,0.5,0.13196074172602354,0.13196074172602354,0.0
0.7358490566037736,0.3333333333333333,0.41666666666666674,0.07774955945092124,0.07774955945092124,0.025916519816973745
0.6226415094339623,1.0,1.0,0.01255814610773416,0.01255814610773416,0.01255814610773416
0.5754716981132075,0.3333333333333333,0.41666666666666674,0.33562377759722223,0.3356237775972222,0.1118745925324074
0.6037735849056605,0.3333333333333333,0.3333333333333335,0.8501095322243815,0.8501095322243815,0.2833698440747938
0.6415094339622642,0.3333333333333333,0.5833333333333335,0.8810816843409666,0.8810816843409665,0.29369389478032215
0.9245283018867925,0.0,0.16666666666666674,0.4551174117480872,0.4551174117480871,0.0
0.27358490566037735,0.3333333333333333,0.41666666666666674,1.0,1.0,0.3333333333333333
0.4716981132075471,0.3333333333333333,0.5833333333333335,0.3256523940789889,0.3256523940789888,0.10855079802632962
0.4150943396226415,0.6666666666666667,0.8333333333333335,0.35908439538288606,0.35908439538288606,0.23938959692192407
0.27358490566037735,0.0,0.9166666666666665,0.08341814457299357,0.08341814457299357,0.0
0.4622641509433962,0.6666666666666667,0.3333333333333335,0.10063539403805642,0.10063539403805642,0.06709026269203762
0.3584905660377358,0.3333333333333333,0.3333333333333335,0.43983180442364694,0.4398318044236469,0.14661060147454896
0.32075471698113206,0.3333333333333333,0.3333333333333335,0.02375766477993123,0.023757664779931232,0.007919221593310408
0.6981132075471699,0.6666666666666667,0.5,0.9345900897279773,0.9345900897279773,0.6230600598186516
0.6981132075471699,0.6666666666666667,0.5833333333333335,0.63048525217855,0.63048525217855,0.42032350145236674
0.5377358490566038,0.0,0.75,0.5884515210111737,0.5884515210111736,0.0
0.13207547169811323,0.3333333333333333,0.6666666666666665,0.8432746895686297,0.8432746895686296,0.2810915631895432
0.3018867924528302,0.3333333333333333,0.25,0.7815481237637161,0.7815481237637161,0.260516041254572
0.6415094339622642,0.0,0.41666666666666674,0.022744434595561185,0.022744434595561185,0.0
0.5566037735849056,0.0,0.41666666666666674,0.9394645626664686,0.9394645626664686,0.0
0.15094339622641512,0.0,0.41666666666666674,0.5192973552409647,0.5192973552409645,0.0
0.5660377358490567,0.3333333333333333,0.6666666666666665,0.700869360751937,0.700869360751937,0.23362312025064563
0.5283018867924527,1.0,0.5833333333333335,0.6834911069661755,0.6834911069661757,0.6834911069661755
0.6698113207547169,0.3333333333333333,0.41666666666666674,0.9742661064980119,0.9742661064980119,0.32475536883267064
0.2641509433962264,0.3333333333333333,0.5,0.2988974961949076,0.2988974961949076,0.09963249873163585
0.7169811320754718,0.3333333333333333,0.5833333333333335,0.766672182309185,0.766672182309185,0.25555739410306166
0.5566037735849056,0.3333333333333333,0.5,0.011341223786991414,0.011341223786991414,0.003780407928997138
0.49999999999999994,0.3333333333333333,0.5,0.2322614043886166,0.2322614043886166,0.07742046812953886
0.5283018867924527,0.3333333333333333,0.75,0.049521497362489106,0.049521497362489106,0.016507165787496367
0.4622641509433962,0.0,0.5833333333333335,0.9664818756715826,0.9664818756715825,0.0
0.679245283018868,0.6666666666666667,0.6666666666666665,0.7643101018758295,0.7643101018758295,0.5095400679172197
0.0,0.3333333333333333,0.41666666666666674,0.6338434248947001,0.6338434248947001,0.2112811416315667
0.2830188679245283,0.3333333333333333,0.41666666666666674,0.18945632227375944,0.18945632227375941,0.06315210742458648
0.18867924528301888,0.3333333333333333,0.5,0.36728955121385315,0.36728955121385315,0.12242985040461771
0.6226415094339623,0.3333333333333333,0.41666666666666674,0.27582314492432525,0.27582314492432525,0.09194104830810841
0.43396226415094336,0.3333333333333333,0.6666666666666665,0.40965723265066334,0.40965723265066334,0.13655241088355444
0.5849056603773586,0.3333333333333333,0.25,0.6764597193108569,0.6764597193108569,0.22548657310361897
0.4150943396226415,0.0,0.41666666666666674,0.09339462678566719,0.09339462678566719,0.0
0.4622641509433962,0.6666666666666667,0.9166666666666665,0.9115676126148011,0.9115676126148011,0.6077117417432009
0.7075471698113207,1.0,0.8333333333333335,0.3049553007175849,0.3049553007175849,0.3049553007175849
0.3113207547169811,0.0,0.3333333333333335,0.29026257682582257,0.29026257682582257,0.0
0.11320754716981135,0.0,0.5833333333333335,0.0640381158436998,0.0640381158436998,0.0
0.3584905660377358,0.0,0.41666666666666674,0.16016931225828326,0.16016931225828324,0.0
0.19811320754716982,0.0,0.3333333333333335,0.0,0.0,0.0
0.5377358490566038,0.0,0.6666666666666665,0.3469551198437343,0.3469551198437343,0.0
0.7735849056603774,0.3333333333333333,0.75,0.43036684783320106,0.430366847833201,0.14345561594440034
0.18867924528301888,0.0,0.3333333333333335,0.6856277597477263,0.6856277597477263,0.0
0.330188679245283,0.6666666666666667,0.5,0.042226760718202326,0.042226760718202326,0.02815117381213489
0.43396226415094336,0.6666666666666667,0.5,0.8000085161321181,0.8000085161321181,0.5333390107547454
0.6886792452830188,0.0,0.08333333333333348,0.5451289808918335,0.5451289808918335,0.0
0.38679245283018865,0.0,0.5833333333333335,0.813661844243063,0.8136618442430629,0.0
0.5188679245283019,0.0,0.25,0.63231866705306,0.63231866705306,0.0
0.10377358490566041,0.3333333333333333,0.25,0.8548522676948777,0.8548522676948777,0.28495075589829255
0.5943396226415094,0.6666666666666667,0.25,0.967165720381891,0.967165720381891,0.6447771469212608
0.24528301886792453,0.3333333333333333,0.08333333333333348,0.0021663917944845556,0.0021663917944845556,0.0007221305981615184
0.490566037735849,0.3333333333333333,0.41666666666666674,0.9262756784574198,0.9262756784574196,0.30875855948580655
0.45283018867924524,0.0,0.5,0.057580346403152155,0.057580346403152155,0.0
0.5377358490566038,0.3333333333333333,0.25,0.9833846569826802,0.9833846569826802,0.3277948856608934
0.4245283018867924,0.3333333333333333,0.5,0.9483824145642336,0.9483824145642336,0.3161274715214112
0.43396226415094336,0.3333333333333333,0.25,0.2386430458856209,0.2386430458856209,0.07954768196187363
0.028301886792452824,0.0,0.16666666666666674,0.4197099605479152,0.4197099605479152,0.0
0.047169811320754707,0.0,0.6666666666666665,0.8523146355647767,0.8523146355647767,0.0
0.037735849056603765,0.0,0.75,0.24849866650777455,0.24849866650777455,0.0
0.5471698113207548,0.6666666666666667,0.5,0.536459777919831,0.536459777919831,0.35763985194655407
0.4245283018867924,0.3333333333333333,0.75,0.11269445603621658,0.11269445603621657,0.03756481867873886
0.5849056603773586,0.0,0.16666666666666674,0.707199923860537,0.707199923860537,0.0
0.5943396226415094,0.6666666666666667,0.6666666666666665,0.041345494513127946,0.04134549451312795,0.027563663008751967
0.10377358490566041,0.0,0.5,0.1637744511006187,0.16377445110061867,0.0
0.45283018867924524,0.3333333333333333,0.5,0.9793175222912838,0.9793175222912837,0.32643917409709455
0.5283018867924527,0.3333333333333333,0.3333333333333335,0.5171307816563286,0.5171307816563286,0.1723769272187762
0.169811320754717,0.3333333333333333,0.5,0.9921608862972147,0.9921608862972147,0.3307202954324049
0.3962264150943396,0.3333333333333333,0.5833333333333335,0.7623774157709445,0.7623774157709445,0.2541258052569815
0.6886792452830188,0.6666666666666667,0.5,0.07082226059815734,0.07082226059815734,0.047214840398771565
0.7641509433962264,0.3333333333333333,0.16666666666666674,0.7923235132734265,0.7923235132734265,0.2641078377578088
0.43396226415094336,0.3333333333333333,0.16666666666666674,0.6969064145369293,0.6969064145369293,0.2323021381789764
0.27358490566037735,0.0,0.25,0.2419376915591735,0.24193769155917347,0.0
0.4622641509433962,0.0,0.16666666666666674,0.8746347336883927,0.8746347336883927,0.0
0.330188679245283,0.0,0.6666666666666665,0.9540875607581326,0.9540875607581326,0.0
0.13207547169811323,0.3333333333333333,0.25,0.9155227040463308,0.915522704046331,0.30517423468211025
0.36792452830188677,0.6666666666666667,0.41666666666666674,0.7887496845279433,0.7887496845279433,0.525833123018629
0.6603773584905661,0.3333333333333333,0.5,0.0595838726598219,0.059583872659821895,0.019861290886607298
0.6226415094339623,1.0,0.3333333333333335,0.5494396534468029,0.5494396534468028,0.5494396534468029
0.4716981132075471,0.0,0.25,0.30686857791464256,0.30686857791464256,0.0
0.6132075471698113,0.0,0.8333333333333335,0.7765098829576021,0.7765098829576021,0.0
0.07547169811320753,0.0,0.6666666666666665,0.6768063889833584,0.6768063889833584,0.0
0.33962264150943394,0.3333333333333333,0.16666666666666674,0.5509338733847,0.5509338733847,0.18364462446156665
0.18867924528301888,0.3333333333333333,0.3333333333333335,0.49988224729910485,0.49988224729910485,0.16662741576636828
0.3584905660377358,0.6666666666666667,0.5,0.016060347081932345,0.01606034708193235,0.010706898054621565
0.48113207547169806,1.0,0.75,0.2193992732548406,0.2193992732548406,0.2193992732548406
0.06603773584905659,0.3333333333333333,0.41666666666666674,0.9222060576358871,0.922206057635887,0.30740201921196236
0.6415094339622642,0.6666666666666667,0.75,0.7744882232153819,0.7744882232153818,0.516325482143588
0.7075471698113207,0.3333333333333333,0.25,0.022667756485125888,0.022667756485125888,0.0075559188283752955
0.4622641509433962,0.3333333333333333,0.5,0.5375101535453286,0.5375101535453286,0.1791700511817762
0.3962264150943396,0.0,0.16666666666666674,0.8412837028118909,0.8412837028118909,0.0
0.3584905660377358,0.0,0.5833333333333335,0.39579914809808353,0.39579914809808353,0.0
0.4245283018867924,0.0,0.0,0.11114436406901357,0.11114436406901357,0.0
0.29245283018867924,0.3333333333333333,0.5833333333333335,0.3505410295856302,0.35054102958563027,0.11684700986187674
0.7924528301886793,0.6666666666666667,0.3333333333333335,0.16035242203265035,0.16035242203265035,0.10690161468843358
0.2830188679245283,0.3333333333333333,0.16666666666666674,0.5483873112831765,0.5483873112831764,0.1827957704277255
0.5471698113207548,0.0,0.16666666666666674,0.8269353271016596,0.8269353271016596,0.0
0.48113207547169806,0.0,0.25,0.8330139419194642,0.8330139419194641,0.0
0.17924528301886794,0.0,0.41666666666666674,0.886063506652575,0.886063506652575,0.0
0.11320754716981135,0.3333333333333333,0.25,0.873251323480713,0.8732513234807129,0.291083774493571
0.4245283018867924,0.6666666666666667,0.5,0.3874433304057175,0.3874433304057175,0.2582955536038117
0.5566037735849056,1.0,0.6666666666666665,0.44640209008355275,0.4464020900835527,0.44640209008355275
0.8301886792452831,0.3333333333333333,0.16666666666666674,0.6025398833403098,0.6025398833403097,0.20084662778010326
0.4245283018867924,0.3333333333333333,0.6666666666666665,0.83670625638882,0.83670625638882,0.27890208546294
0.490566037735849,0.3333333333333333,0.6666666666666665,0.45650892221356726,0.4565089222135673,0.15216964073785574
0.7358490566037736,1.0,0.5833333333333335,0.313664487639524,0.313664487639524,0.313664487639524
0.05660377358490565,0.3333333333333333,0.6666666666666665,0.381837179885667,0.38183717988566696,0.12727905996188899
0.11320754716981135,0.0,0.08333333333333348,0.6447608117540508,0.6447608117540506,0.0
0.2830188679245283,0.3333333333333333,0.5,0.36448585480952217,0.3644858548095221,0.12149528493650738
0.22641509433962265,0.3333333333333333,0.3333333333333335,0.7406175019328332,0.740617501932833,0.2468725006442777
0.27358490566037735,0.3333333333333333,0.75,0.2612434079326561,0.2612434079326561,0.08708113597755203
0.679245283018868,0.6666666666666667,0.75,0.4731351884088087,0.4731351884088087,0.3154234589392058
0.6037735849056605,0.3333333333333333,0.6666666666666665,0.02964544108060265,0.029645441080602655,0.009881813693534216
0.29245283018867924,0.3333333333333333,0.25,0.4084291032017027,0.40842910320170267,0.13614303440056758
0.5660377358490567,0.0,0.08333333333333348,0.9908186657889774,0.9908186657889774,0.0
0.38679245283018865,0.3333333333333333,0.41666666666666674,0.6073449528223238,0.6073449528223238,0.20244831760744125
0.6132075471698113,0.0,0.3333333333333335,0.1796912644655295,0.1796912644655295,0.0
0.6226415094339623,0.0,0.08333333333333348,0.594567599698178,0.5945675996981779,0.0
0.40566037735849053,0.3333333333333333,0.6666666666666665,0.5017015723282201,0.5017015723282201,0.16723385744274002
1.0,1.0,0.6666666666666665,0.13127408253115025,0.13127408253115022,0.13127408253115025
0.037735849056603765,0.0,0.41666666666666674,0.5555802046389537,0.5555802046389536,0.0
0.36792452830188677,0.3333333333333333,0.5833333333333335,0.9748101225322581,0.9748101225322581,0.32493670751075265
0.6226415094339623,0.3333333333333333,0.16666666666666674,0.5048554504152196,0.5048554504152196,0.16828515013840653
0.5377358490566038,0.3333333333333333,0.5833333333333335,0.44687601416251144,0.4468760141625114,0.1489586713875038
0.11320754716981135,0.0,0.5,0.47638379317849416,0.4763837931784941,0.0
0.6226415094339623,0.6666666666666667,0.16666666666666674,0.901826744423478,0.901826744423478,0.6012178296156521
0.7641509433962264,0.3333333333333333,0.75,0.5833832872174681,0.5833832872174681,0.19446109573915604
0.7169811320754718,0.0,0.25,0.9014778107220064,0.9014778107220063,0.0
0.9245283018867925,1.0,0.5,0.36148314798170716,0.36148314798170716,0.36148314798170716
0.6981132075471699,0.3333333333333333,0.16666666666666674,0.11208036948889523,0.11208036948889522,0.037360123162965074
0.4622641509433962,0.6666666666666667,0.5833333333333335,0.44076201408312593,0.4407620140831259,0.293841342722084
0.45283018867924524,0.3333333333333333,0.3333333333333335,0.37131043878363684,0.37131043878363684,0.12377014626121227
0.13207547169811323,1.0,0.8333333333333335,0.5864184676166813,0.5864184676166813,0.5864184676166813
0.679245283018868,0.6666666666666667,0.5,0.5107375485118113,0.5107375485118113,0.34049169900787424
0.490566037735849,0.3333333333333333,0.3333333333333335,0.6997991253468335,0.6997991253468335,0.23326637511561116
0.5377358490566038,0.3333333333333333,0.16666666666666674,0.41290771217611794,0.41290771217611794,0.13763590405870596
0.028301886792452824,0.0,0.6666666666666665,0.32999984224686013,0.32999984224686013,0.0
0.4716981132075471,0.3333333333333333,0.3333333333333335,0.7620965141244848,0.7620965141244846,0.25403217137482825
0.6320754716981132,0.3333333333333333,0.25,0.40770496055212674,0.4077049605521267,0.13590165351737557
0.3584905660377358,0.3333333333333333,0.5,0.1470527409355763,0.14705274093557627,0.049017580311858766
0.3773584905660377,0.0,0.3333333333333335,0.8662536245301925,0.8662536245301925,0.0
0.24528301886792453,0.6666666666666667,0.3333333333333335,0.2760679822945187,0.2760679822945186,0.18404532152967915
0.7075471698113207,0.6666666666666667,0.5833333333333335,0.7263392858231617,0.7263392858231617,0.48422619054877447
0.25471698113207547,0.3333333333333333,0.41666666666666674,0.16373751309030501,0.16373751309030501,0.05457917103010167
0.3773584905660377,0.3333333333333333,0.41666666666666674,0.7875709303114491,0.787570930311449,0.2625236434371497
0.7924528301886793,0.3333333333333333,0.41666666666666674,0.9164847776919955,0.9164847776919955,0.30549492589733185
0.2169811320754717,0.3333333333333333,0.6666666666666665,0.44157371992833,0.44157371992832994,0.14719123997611
0.6698113207547169,0.0,0.41666666666666674,0.16517341245876177,0.16517341245876177,0.0
0.20754716981132076,0.3333333333333333,0.8333333333333335,0.6131366660847101,0.61313666608471,0.20437888869490334
0.6698113207547169,0.3333333333333333,0.8333333333333335,0.36354344787128134,0.3635434478712813,0.12118114929042711
0.5754716981132075,1.0,0.9166666666666665,0.04789344654473968,0.04789344654473968,0.04789344654473968
0.6509433962264151,0.3333333333333333,0.3333333333333335,0.011343243958839566,0.011343243958839566,0.0037810813196131887
0.45283018867924524,0.6666666666666667,0.3333333333333335,0.5453955307327605,0.5453955307327605,0.363597020488507
0.6415094339622642,0.3333333333333333,0.41666666666666674,0.87435235599693,0.87435235599693,0.29145078533230995
0.5849056603773586,0.3333333333333333,0.5,0.014999566508437137,0.014999566508437137,0.004999855502812379
0.5566037735849056,0.3333333333333333,0.41666666666666674,0.9040519784987961,0.904051978498796,0.3013506594995987
0.5188679245283019,1.0,0.9166666666666665,0.5070992596239787,0.5070992596239787,0.5070992596239787
0.5188679245283019,0.0,0.6666666666666665,0.5312548878881357,0.5312548878881356,0.0
0.20754716981132076,0.3333333333333333,0.41666666666666674,0.7513079369237354,0.7513079369237355,0.2504359789745785
0.5283018867924527,0.3333333333333333,0.5,0.6557325554727776,0.6557325554727775,0.21857751849092588
0.11320754716981135,0.3333333333333333,0.5833333333333335,0.4091750109286281,0.40917501092862807,0.1363916703095427
0.6886792452830188,1.0,0.9166666666666665,0.0031407267249083754,0.0031407267249083746,0.0031407267249083754
0.4433962264150943,0.3333333333333333,0.8333333333333335,0.879756676926088,0.8797566769260879,0.29325222564202935
0.40566037735849053,0.3333333333333333,0.0,0.42872158473422783,0.42872158473422783,0.14290719491140927
0.48113207547169806,0.3333333333333333,0.25,0.9103484062625208,0.9103484062625208,0.30344946875417356
0.490566037735849,0.3333333333333333,0.5833333333333335,0.7152441841625191,0.7152441841625191,0.23841472805417302
0.6037735849056605,0.3333333333333333,0.25,0.28692677504062114,0.2869267750406211,0.0956422583468737
0.5849056603773586,0.0,0.08333333333333348,0.04862214937898775,0.04862214937898775,0.0
0.5566037735849056,0.3333333333333333,0.16666666666666674,0.801819965672938,0.801819965672938,0.2672733218909793
0.6320754716981132,0.3333333333333333,0.3333333333333335,0.8845587248361473,0.8845587248361472,0.29485290827871574
0.169811320754717,0.3333333333333333,0.41666666666666674,0.3456525019551905,0.3456525019551904,0.11521750065173016
0.5471698113207548,1.0,0.5,0.815377063585409,0.815377063585409,0.815377063585409
0.5754716981132075,0.3333333333333333,0.25,0.7337234731774723,0.7337234731774723,0.24457449105915743
0.29245283018867924,0.3333333333333333,0.8333333333333335,0.5536073206012426,0.5536073206012425,0.18453577353374753
0.33962264150943394,0.6666666666666667,0.25,0.752149473377647,0.752149473377647,0.5014329822517648
0.5283018867924527,0.6666666666666667,0.5,0.9549087347334153,0.9549087347334153,0.6366058231556103
0.20754716981132076,0.0,0.41666666666666674,0.37345182695328843,0.37345182695328843,0.0
0.5660377358490567,0.3333333333333333,0.41666666666666674,0.6335020541983709,0.6335020541983709,0.21116735139945697
0.6320754716981132,1.0,0.6666666666666665,0.9347156853112923,0.9347156853112923,0.9347156853112923
0.5849056603773586,0.3333333333333333,0.16666666666666674,0.5544017015171954,0.5544017015171953,0.18480056717239846
0.5283018867924527,0.6666666666666667,0.3333333333333335,0.20645079026473684,0.2064507902647368,0.13763386017649124
0.7641509433962264,0.3333333333333333,0.5,0.4475582999107296,0.4475582999107296,0.14918609997024318
0.2358490566037736,0.6666666666666667,0.5,0.4099463548040922,0.40994635480409214,0.27329756986939485
0.3584905660377358,0.0,0.75,0.25395379548007235,0.25395379548007235,0.0
0.6509433962264151,0.6666666666666667,1.0,0.10426561940216426,0.10426561940216428,0.06951041293477618
0.5283018867924527,1.0,0.9166666666666665,0.8396226968798849,0.8396226968798848,0.8396226968798849
0.24528301886792453,0.6666666666666667,0.5833333333333335,0.8769933921166609,0.8769933921166609,0.5846622614111073
0.43396226415094336,0.3333333333333333,0.3333333333333335,0.3180929427600344,0.31809294276003436,0.10603098092001147
0.5471698113207548,0.6666666666666667,0.3333333333333335,0.03647394909820598,0.03647394909820598,0.024315966065470655
0.08490566037735847,0.3333333333333333,0.08333333333333348,0.84943630769566,0.84943630769566,0.28314543589855334
0.25471698113207547,0.3333333333333333,0.5833333333333335,0.10076253162287599,0.10076253162287598,0.03358751054095866
0.24528301886792453,0.0,0.08333333333333348,0.4340945533177306,0.4340945533177306,0.0
0.4433962264150943,0.6666666666666667,0.3333333333333335,0.2767936464512666,0.2767936464512666,0.18452909763417774
0.7075471698113207,0.3333333333333333,0.5833333333333335,0.3646774855313395,0.36467748553133955,0.12155916184377982
0.169811320754717,0.6666666666666667,0.16666666666666674,0.33637586821144316,0.33637586821144316,0.2242505788076288
0.40566037735849053,0.6666666666666667,0.75,0.9622498286379897,0.9622498286379897,0.6414998857586599
0.4622641509433962,0.3333333333333333,0.16666666666666674,0.26520392755221434,0.2652039275522143,0.08840130918407144
0.679245283018868,0.3333333333333333,0.25,0.8615870226721701,0.8615870226721701,0.2871956742240567
0.6603773584905661,0.3333333333333333,1.0,0.10913987182099895,0.10913987182099895,0.036379957273666316
0.7830188679245282,0.3333333333333333,0.41666666666666674,0.8818643720635376,0.8818643720635375,0.29395479068784586
0.49999999999999994,0.3333333333333333,0.5833333333333335,0.034453370257485565,0.034453370257485565,0.011484456752495188
0.45283018867924524,0.6666666666666667,0.6666666666666665,0.6070794284598007,0.6070794284598007,0.40471961897320047
0.45283018867924524,0.3333333333333333,0.75,0.6785315701264211,0.678531570126421,0.22617719004214035
0.2358490566037736,0.3333333333333333,0.25,0.09800056348160498,0.09800056348160499,0.03266685449386832
0.037735849056603765,0.6666666666666667,0.8333333333333335,0.15021089136904614,0.15021089136904614,0.10014059424603076
0.3018867924528302,0.3333333333333333,0.6666666666666665,0.9587988833185423,0.9587988833185422,0.31959962777284745
0.5943396226415094,0.3333333333333333,0.5,0.6803547500556775,0.6803547500556775,0.22678491668522582
0.5094339622641508,0.3333333333333333,0.8333333333333335,0.759047292333482,0.759047292333482,0.25301576411116067
0.4245283018867924,0.3333333333333333,0.25,0.9034854678132931,0.9034854678132931,0.30116182260443103
0.25471698113207547,1.0,0.8333333333333335,0.06799692158728232,0.06799692158728231,0.06799692158728232
0.6226415094339623,0.0,0.25,0.6430843666098562,0.6430843666098562,0.0
0.5754716981132075,1.0,0.8333333333333335,0.6731355033850159,0.6731355033850158,0.6731355033850159
0.6226415094339623,0.6666666666666667,1.0,0.15856912396292488,0.15856912396292486,0.1057127493086166
0.679245283018868,0.3333333333333333,0.6666666666666665,0.4564863655163463,0.4564863655163463,0.15216212183878208
0.33962264150943394,0.6666666666666667,0.41666666666666674,0.41431973133858335,0.41431973133858335,0.2762131542257223
0.5283018867924527,0.0,0.3333333333333335,0.6375807685703265,0.6375807685703265,0.0
0.15094339622641512,0.0,0.5,0.8271705297849852,0.8271705297849851,0.0
0.6415094339622642,0.0,0.6666666666666665,0.8779882101034427,0.8779882101034427,0.0
0.028301886792452824,0.0,0.08333333333333348,0.2851518256153207,0.2851518256153207,0.0
0.4622641509433962,0.3333333333333333,0.3333333333333335,0.0884175477648356,0.0884175477648356,0.029472515921611864
0.5094339622641508,0.0,0.5833333333333335,0.5647717681672179,0.5647717681672179,0.0
0.07547169811320753,0.6666666666666667,0.41666666666666674,0.6592714453742798,0.6592714453742798,0.4395142969161866
0.679245283018868,0.6666666666666667,0.8333333333333335,0.6338787687010804,0.6338787687010804,0.42258584580072034
0.48113207547169806,0.3333333333333333,0.16666666666666674,0.5127892386408963,0.5127892386408963,0.1709297462136321
0.037735849056603765,0.3333333333333333,0.6666666666666665,0.9911441573955327,0.9911441573955327,0.3303813857985109
0.490566037735849,0.3333333333333333,0.5,0.9357572532533893,0.9357572532533893,0.3119190844177964
0.6320754716981132,1.0,0.5,0.44230967773331914,0.44230967773331914,0.44230967773331914
0.4622641509433962,0.6666666666666667,0.41666666666666674,0.2596384730500954,0.2596384730500954,0.17309231536673028
0.330188679245283,0.3333333333333333,0.25,0.6040301480562892,0.6040301480562892,0.20134338268542973
0.6037735849056605,0.0,0.5833333333333335,0.45028643233841714,0.4502864323384171,0.0
0.679245283018868,0.6666666666666667,0.41666666666666674,0.31006946166019783,0.3100694616601978,0.2067129744401319
0.2830188679245283,0.6666666666666667,0.41666666666666674,0.5454968066397068,0.5454968066397068,0.36366453775980456
0.5377358490566038,0.6666666666666667,0.75,0.7207227546688078,0.7207227546688078,0.4804818364458719
0.3962264150943396,0.0,0.41666666666666674,0.8419635576846244,0.8419635576846243,0.0
0.25471698113207547,0.0,0.3333333333333335,0.2006812689629815,0.2006812689629815,0.0
0.48113207547169806,0.6666666666666667,0.3333333333333335,0.571888062937831,0.5718880629378309,0.3812587086252207
0.7075471698113207,0.3333333333333333,0.16666666666666674,0.07915215689743363,0.07915215689743363,0.02638405229914454
0.7830188679245282,0.3333333333333333,0.16666666666666674,0.9878973568326453,0.9878973568326453,0.3292991189442151
0.7358490566037736,0.6666666666666667,0.5833333333333335,0.9534601430547788,0.9534601430547788,0.6356400953698526
0.5283018867924527,0.3333333333333333,0.5833333333333335,0.8463271696946854,0.8463271696946852,0.2821090565648951
0.8018867924528301,0.3333333333333333,0.6666666666666665,0.27574697002400334,0.27574697002400334,0.09191565667466778
0.6415094339622642,0.3333333333333333,0.75,0.07951044427843147,0.07951044427843146,0.026503481426143824
0.5377358490566038,1.0,0.5833333333333335,0.8620480943353181,0.8620480943353181,0.8620480943353181
0.3584905660377358,0.3333333333333333,0.25,0.31051016074875754,0.31051016074875754,0.10350338691625251
0.5754716981132075,0.3333333333333333,0.75,0.09067123410781747,0.09067123410781747,0.03022374470260582
0.18867924528301888,0.6666666666666667,0.5,0.39578187838963547,0.3957818783896354,0.26385458559309033
0.4150943396226415,0.0,0.25,0.15261937735714412,0.15261937735714412,0.0
0.5471698113207548,0.3333333333333333,0.8333333333333335,0.8894919027296161,0.8894919027296161,0.29649730090987203
0.38679245283018865,0.6666666666666667,0.6666666666666665,0.9036587417556694,0.9036587417556694,0.6024391611704464
0.5754716981132075,0.0,0.16666666666666674,0.08992765950695598,0.08992765950695598,0.0
0.7075471698113207,0.3333333333333333,0.75,0.647116776171864,0.647116776171864,0.215705592057288
0.3584905660377358,0.3333333333333333,0.16666666666666674,0.0037243277484130203,0.0037243277484130194,0.00124144258280434
0.29245283018867924,0.6666666666666667,0.25,0.5455390036729189,0.5455390036729189,0.36369266911527925
0.4245283018867924,0.0,0.9166666666666665,0.4628582687655005,0.4628582687655005,0.0
0.5849056603773586,0.0,0.25,0.41355240435787916,0.41355240435787916,0.0
0.5188679245283019,0.6666666666666667,0.41666666666666674,0.7010896914758611,0.7010896914758611,0.4673931276505741
0.5094339622641508,0.6666666666666667,0.3333333333333335,0.5772608009698255,0.5772608009698255,0.38484053397988366
0.7264150943396226,0.3333333333333333,0.8333333333333335,0.9014964346080249,0.9014964346080249,0.30049881153600827
0.6981132075471699,0.3333333333333333,0.5,0.8117631252742034,0.8117631252742032,0.27058770842473445
0.5377358490566038,0.0,0.3333333333333335,0.6819583267691834,0.6819583267691834,0.0
0.6698113207547169,0.3333333333333333,0.6666666666666665,0.9349188656850128,0.9349188656850128,0.31163962189500427
0.5849056603773586,0.3333333333333333,0.5833333333333335,0.013636938766185496,0.013636938766185496,0.0045456462553951655
0.5188679245283019,1.0,0.8333333333333335,0.04841640369342281,0.04841640369342281,0.04841640369342281
0.6509433962264151,0.3333333333333333,0.6666666666666665,0.9882111701047548,0.9882111701047547,0.3294037233682516
0.3962264150943396,0.0,0.6666666666666665,0.9819427999517644,0.9819427999517644,0.0
0.40566037735849053,0.3333333333333333,0.41666666666666674,0.20610371578033934,0.2061037157803393,0.06870123859344644
