id,question,option1,option2,option3,option4,answer,value,group,category
1,Which is a fruit?,Car,Apple,Book,Chair,Apple,5,A,Basic
2,What sound does a dog make?,Meow,Moo,Woof,Cluck,Woof,5,A,Basic
3,How many fingers on one hand?,3,4,5,6,5,5,A,Number
4,Which is red?,Grass,Sky,Fire truck,Banana,Fire truck,5,A,Color
5,What do you drink from?,Plate,Cup,Fork,Pillow,Cup,5,A,Basic
6,Which animal flies?,Fish,Dog,Cat,Bird,Bird,5,A,Animal
7,What is the sun?,Cold,Wet,Hot,Dark,Hot,5,A,Basic
8,How many wheels does a bike have?,1,2,3,4,2,5,A,Number
9,What grows in soil?,Books,Flowers,Shoes,Cars,Flowers,5,A,Nature
10,Which is a shape?,Red,Happy,Circle,Run,Circle,5,A,Shape
11,What is ice?,Hot water,Frozen water,Steam,Sand,Frozen water,5,A,Science
12,A cat says?,Woof,Moo,Meow,Oink,Meow,5,A,Animal
13,What color is grass?,Blue,Green,Red,Purple,Green,5,A,Color
14,Which can you eat?,Rock,Metal,Banana,Glass,Banana,5,A,Basic
15,What is 1+1?,1,2,3,4,2,5,A,Number
16,What is 5 x 4?,16,18,20,22,20,6,B,Math
17,Which planet is closest to the Sun?,Venus,Mercury,Earth,Mars,Mercury,7,B,Science
18,What is the capital of France?,Berlin,Madrid,London,Paris,Paris,7,B,Geography
19,"Complete: A, B, C, D, __",E,F,G,H,E,5,B,Pattern
20,Which is NOT a mammal?,Dolphin,Bat,Eagle,Whale,Eagle,7,B,Science
21,What is 36 x 6?,4,5,6,7,6,6,B,Math
22,Opposite of 'fast'?,Quick,Rapid,Slow,Swift,Slow,5,B,Verbal
23,How many sides does a hexagon have?,5,6,7,8,6,6,B,Shape
24,What is H2O?,Air,Fire,Water,Earth,Water,6,B,Science
25,Which fraction is largest?,1/4,1/3,1/2,1/6,1/2,7,B,Math
26,Where do fish live?,Trees,Water,Sky,Sand,Water,5,B,Nature
27,What comes after 99?,89,90,100,110,100,5,B,Math
28,Synonym of 'happy'?,Sad,Glad,Angry,Tired,Glad,6,B,Verbal
29,Which is a primary color?,Green,Purple,Orange,Blue,Blue,7,B,Art
30,What is 7 x 8?,54,56,58,64,56,7,B,Math
31,What is the square root of 144?,10,11,12,13,12,8,C,Math
32,Who wrote 'Romeo and Juliet'?,Dickens,Shakespeare,Chaucer,Austen,Shakespeare,7,C,Literature
33,What is the chemical symbol for Gold?,Go,Gd,Au,Ag,Au,8,C,Chemistry
34,"If a triangle has angles 60x and 80x, the third angle is?",30x,40x,50x,60x,40x,8,C,Math
35,What process do plants use to make food?,Respiration,Photosynthesis,Digestion,Evaporation,Photosynthesis,7,C,Biology
36,Which word means 'to make larger'?,Reduce,Amplify,Diminish,Contract,Amplify,8,C,Verbal
37,What is 15% of 200?,20,25,30,35,30,8,C,Math
38,What is Newton's First Law?,F=ma,Objects at rest stay at rest,E=mcx,Action-reaction,Objects at rest stay at rest,9,C,Physics
39,Rearrange: CNIAOE ? type of food?,Canine,Ocean,Canoe,Cocaine,Canoe,9,C,Verbal
40,Which is NOT a continent?,Australia,Antarctica,Eurasia,Atlantic,Atlantic,7,C,Geography
41,What is 2x x 5?,30,40,45,50,40,9,C,Math
42,DNA stands for?,Deoxyribonucleic Acid,Dinitric Amino Acid,Dynamic Nuclear Agent,Dense Nucleic Array,Deoxyribonucleic Acid,8,C,Biology
43,"If x + 5 = 12, what is x?",5,6,7,8,7,7,C,Math
44,Which country has the most population?,USA,Russia,India,China,China,7,C,Geography
45,What is the boiling point of water in xC?,90,95,100,110,100,6,C,Science
46,What is the integral of 2x dx?,xx,xx + C,2xx + C,xx/2 + C,xx + C,10,D,Math
47,Which gas makes up ~78% of Earth's atmosphere?,Oxygen,Carbon Dioxide,Nitrogen,Argon,Nitrogen,9,D,Science
48,What is the Fibonacci sequence pattern?,Double each,Add last two,Multiply by 3,Subtract primes,Add last two,9,D,Logic
49,Who proposed the theory of relativity?,Newton,Bohr,Einstein,Hawking,Einstein,8,D,Science
50,What is 0.1 + 0.2 in exact decimal?,0.3,0.30000000004,0.29,0.301,0.30000000004,10,D,Logic
51,"Which fallacy assumes 'after this, therefore because of this'?",Ad Hominem,Post Hoc,Straw Man,False Dilemma,Post Hoc,10,D,Logic
52,What is the derivative of sin(x)?,-cos(x),cos(x),sin(x),-sin(x),cos(x),10,D,Math
53,GDP stands for?,Gross Domestic Product,General Development Plan,Global Data Protocol,Gross Distribution Point,Gross Domestic Product,8,D,Economics
54,"If 2? = 128, what is n?",6,7,8,9,7,9,D,Math
55,Which is NOT a cognitive bias?,Anchoring,Confirmation bias,Bayesian inference,Dunning-Kruger,Bayesian inference,10,D,Psychology
56,What does 'lingua franca' mean?,French language,Common language,Ancient tongue,Dialect,Common language,9,D,Verbal
57,"If a fair coin is flipped 3 times, P(all heads)?",1/4,1/8,1/6,1/3,1/8,10,D,Statistics
58,Which philosopher wrote 'Critique of Pure Reason'?,Hume,Locke,Kant,Descartes,Kant,9,D,Philosophy
59,What is entropy in thermodynamics?,Energy potential,Disorder measure,Heat flow rate,Pressure ratio,Disorder measure,10,D,Physics
60,Which data structure uses LIFO?,Queue,Stack,Heap,Graph,Stack,9,D,CS
61,Does the child respond to their name?,Never,Rarely,Sometimes,Always,Always,5,child_0_2,Behavior
62,Can the child recognize familiar faces?,No,Rarely,Sometimes,Clearly,Clearly,5,child_0_2,Cognitive
63,Does the child try to speak or babble?,Not at all,Very little,Some sounds,Many sounds,Many sounds,5,child_0_2,Language
64,Can the child follow simple actions?,No,With help,Sometimes,Independently,Independently,5,child_0_2,Motor
65,How curious is the child about surroundings?,Very low,Low,Moderate,High,High,5,child_0_2,Cognitive
66,Can the child recognize familiar objects?,No,Rarely,Sometimes,Easily,Easily,5,child_0_2,Cognitive
67,How does the child react to sounds?,No reaction,Weak,Normal,Strong,Strong,5,child_0_2,Sensory
68,How well are the child's motor skills?,Delayed,Slight delay,Normal,Advanced,Normal,5,child_0_2,Motor
69,Does the child imitate actions like clapping?,Never,Rarely,Sometimes,Often,Often,5,child_0_2,Social
70,Does the child make eye contact?,Never,Rarely,Sometimes,Consistently,Consistently,5,child_0_2,Social
71,Can the child pick up small objects?,No,Struggles,Sometimes,Easily,Easily,5,child_0_2,Motor
72,How regular is the child's sleep and wake cycle?,Very irregular,Irregular,Moderate,Regular,Regular,5,child_0_2,Behavior
73,Does the child smile in response to others?,Never,Rarely,Sometimes,Often,Often,5,child_0_2,Social
74,Can the child track a moving object with eyes?,No,Weak,Moderate,Strong,Strong,5,child_0_2,Sensory
75,How well does the child adapt to new situations?,Very low,Low,Moderate,High,Moderate,5,child_0_2,Behavior
76,Can the child identify different colors?,None,Few,Most,All,Most,5,child_3_5,Cognitive
77,Can the child count numbers accurately?,Cannot,Up to 5,Up to 10,Above 10,Up to 10,5,child_3_5,Number
78,How clear is the child's speech?,Single words,Phrases,Sentences,Clear sentences,Sentences,5,child_3_5,Language
79,How well does the child follow instructions?,No,With help,Sometimes,Easily,Easily,5,child_3_5,Behavior
80,Can the child solve simple puzzles?,No,With help,Sometimes,Independently,Independently,5,child_3_5,Cognitive
81,How often does the child ask questions?,Rarely,Sometimes,Often,Very often,Often,5,child_3_5,Curiosity
82,Can the child recognize basic shapes?,None,Few,Most,All,All,5,child_3_5,Cognitive
83,How good is the child's memory?,Poor,Average,Good,Excellent,Good,5,child_3_5,Memory
84,How long can the child focus on an activity?,Less than 5 min,5-10 min,10-15 min,More than 15 min,10-15 min,5,child_3_5,Attention
85,Can the child draw basic shapes or figures?,No,Scribbles,Basic shapes,Clear figures,Basic shapes,5,child_3_5,Motor
86,Does the child play well with other children?,No,Rarely,Sometimes,Easily,Sometimes,5,child_3_5,Social
87,Can the child sort objects by size or color?,No,With help,Sometimes,Easily,Easily,5,child_3_5,Logic
88,Does the child show empathy toward others?,Never,Rarely,Sometimes,Often,Sometimes,5,child_3_5,Social
89,Can the child name common animals correctly?,None,Few,Most,All,All,5,child_3_5,Vocabulary
90,How well does the child follow a daily routine?,No,With help,Sometimes,Consistently,Consistently,5,child_3_5,Behavior
91,"If you have 12 apples and give away 5, how many are left?",5,6,7,8,7,5,child_6_10,Math
92,"What comes next in the pattern: 2, 4, 6, 8, __?",9,10,11,12,10,5,child_6_10,Pattern
93,"If today is Monday, what day is 3 days later?",Tuesday,Wednesday,Thursday,Friday,Thursday,6,child_6_10,Logic
94,A dog has 4 legs. How many legs do 3 dogs have?,8,10,12,14,12,5,child_6_10,Math
95,"What is the odd one out: Cat, Dog, Fish, Bicycle?",Cat,Dog,Fish,Bicycle,Bicycle,6,child_6_10,Logic
96,"If a book has 20 pages and you read 8, how many pages are left?",10,12,14,16,12,5,child_6_10,Math
97,"Complete the pattern: A, C, E, G, __?",H,I,J,K,I,6,child_6_10,Pattern
98,Which shape has 4 equal sides and 4 equal angles?,Rectangle,Triangle,Square,Circle,Square,5,child_6_10,Spatial
99,"If you spend Rs.30 from Rs.100, how much is left?",Rs.60,Rs.70,Rs.80,Rs.90,Rs.70,5,child_6_10,Math
100,"Which is the largest fraction: 1/2, 1/3, 1/4, 1/5?",1/5,1/4,1/3,1/2,1/2,6,child_6_10,Math
101,A clock shows 3:00. What angle do the hands make?,45 deg,60 deg,90 deg,180 deg,90 deg,7,child_6_10,Spatial
102,"Which number is missing: 3, 6, __, 12, 15?",7,8,9,10,9,6,child_6_10,Pattern
103,A train leaves at 2pm and arrives at 5pm. How long is the trip?,1 hr,2 hrs,3 hrs,4 hrs,3 hrs,5,child_6_10,Logic
104,How many sides does a triangle have?,2,3,4,5,3,5,child_6_10,Spatial
105,What is 7 x 6?,36,42,48,54,42,6,child_6_10,Math
106,"If 5 workers build a wall in 10 days, how many days for 10 workers?",3,5,7,10,5,7,child_11_17,Logic
107,What is the next prime number after 13?,15,17,19,21,17,6,child_11_17,Math
108,"If a = 3 and b = 4, what is a^2 + b^2?",21,25,49,7,25,7,child_11_17,Math
109,A train travels at 60 km/hr. How far in 2.5 hours?,100 km,120 km,150 km,180 km,150 km,7,child_11_17,Math
110,"If all A are B, and all B are C, then all A are __?",B only,C,Neither,Not sure,C,8,child_11_17,Logic
111,What is 20% of 350?,50,60,70,80,70,6,child_11_17,Math
112,"Which comes next: 1, 4, 9, 16, __?",20,24,25,30,25,7,child_11_17,Pattern
113,A rectangle is 8 cm x 5 cm. What is its area?,26 cm2,30 cm2,40 cm2,45 cm2,40 cm2,6,child_11_17,Math
114,What is the probability of rolling a 6 on a fair die?,1/3,1/4,1/6,1/2,1/6,8,child_11_17,Logic
115,Claiming smoking is safe because one person smoked and lived long is?,Ad Hominem,Hasty Generalization,Straw Man,False Dilemma,Hasty Generalization,9,child_11_17,Critical Thinking
116,A shirt costs Rs.800 after a 20% discount. What was the original price?,Rs.900,Rs.960,Rs.1000,Rs.1020,Rs.1000,8,child_11_17,Math
117,If P then Q. Not Q. Therefore what about P?,P is true,P is false,Q is true,Cannot say,P is false,9,child_11_17,Critical Thinking
118,"18 like cricket, 15 like football, 10 like both, total 30. How many like neither?",5,7,8,10,7,9,child_11_17,Math
119,"What is the next term: 2, 3, 5, 8, 13, __?",18,19,20,21,21,7,child_11_17,Pattern
120,Which data structure works on FIFO principle?,Stack,Queue,Tree,Graph,Queue,8,child_11_17,CS